200,http://www.adidas.at
200,http://www.adidas.at/manner
200,http://www.adidas.at/manner-kleidung
200,http://www.adidas.at/frauen
200,http://www.adidas.at/frauen-kleidung
200,http://www.adidas.at/kinder
200,http://www.adidas.at/kinder-kleidung
200,http://www.adidas.at/on/demandware.store/Sites-adidas-AT-Site/de_AT/Search-Show?pmin=0&pmax=999&srule=newest-to-oldest
200,http://www.adidas.at/on/demandware.store/Sites-adidas-AT-Site/de_AT/Search-Show?pmin=0&pmax=999&prefn1=division&prefv1=Performance
200,http://www.adidas.at/fussball
200,http://www.adidas.at/fussball-kleidung
200,http://www.adidas.at/golfschuhe
200,http://www.adidas.at/outdoor
200,http://www.adidas.at/outdoor-kleidung
200,http://www.adidas.at/running
200,http://www.adidas.at/on/demandware.store/Sites-adidas-AT-Site/de_AT/Page-Show?cid=boost
200,http://www.adidas.at/schwimmen
200,http://www.adidas.at/tennisschuhe
200,http://www.adidas.at/training
200,http://www.adidas.at/turnschuhe
200,http://www.adidas.at/training-accessoires
200,http://www.adidas.at/originals
200,http://www.adidas.at/topshop
200,http://www.adidas.at/zx_flux
200,http://www.adidas.at/originals-accessoires
200,http://www.adidas.at/frauen?prefn1=division&prefv1=Originals
200,http://www.adidas.at/originals?grid=true
200,http://www.adidas.at/porsche_design_sport_by_adidas-schuhe
200,http://www.adidas.at/porsche_design_sport_by_adidas-accessoires
200,http://www.adidas.at/adidas-neo-schuhe
200,http://www.adidas.at/adidas_neo-accessoires
200,http://www.adidas.at/help-topics-adidas_products.html
200,http://www.adidas.at/help-topics-payment.html
200,http://www.adidas.at/help-topics-returning.html
404-soft,http://www.adidas.at/aktionen
200,http://www.adidas.at/help-topics-privacy_policy.html
200,http://www.adidas.at/help-topics-imprint.html
200,http://www.adidas.at/shop
200,http://www.adidas.at/schuhe-frauen
200,http://www.adidas.at/kinder-accessoires
200,http://www.adidas.at/fussballschuhe
200,http://www.adidas.at/outdoor-schuhe
200,http://www.adidas.at/running-kleidung
200,http://www.adidas.at/climaheat
200,http://www.adidas.at/farm
200,http://www.adidas.at/manner?prefn1=division&prefv1=Originals
200,http://www.adidas.at/porsche_design_sport_by_adidas-kleidung
200,http://www.adidas.at/on/demandware.store/Sites-adidas-AT-Site/de_AT/CustomerService-Show
200,http://www.adidas.at/help-topics-using_our_site.html
200,http://www.adidas.at/on/demandware.store/Sites-adidas-AT-Site/de_AT/Page-Include?cid=country-selector
200,http://www.adidas.at/frauen-accessoires
200,http://www.adidas.at/golf
200,http://www.adidas.at/tennis
200,http://www.adidas.at/sneakers-turnschuhe
200,http://www.adidas.at/adidas_neo
200,http://www.adidas.at/help-topics-sitemap.html
200,http://www.adidas.at/kinder-schuhe
200,http://www.adidas.at/running-schuhe
200,http://www.adidas.at/kinder?prefn1=division&prefv1=Originals
200,http://www.adidas.at/help-topics-terms_and_conditions.html
200,http://www.adidas.at/golfbekleidung
200,http://www.adidas.at/porsche_design_sport_by_adidas
200,http://www.adidas.at/personalisieren
200,http://www.adidas.at/neo-kleidung
200,http://www.adidas.at/tenniskleidung
200,http://www.adidas.at/basketball
200,http://www.adidas.at/rugby?grid=true
200,http://www.adidas.at/originals-kleidung
200,http://www.adidas.at/trainingskleidung
200,http://www.adidas.at/help-topics-shipping.html
200,http://www.adidas.at/micoach
200,http://www.adidas.at/help-topics-ordering.html
200,http://www.adidas.at/manner-schuhe
200,http://www.adidas.at
200,http://www.adidas.at/manner-schuhe
200,http://www.adidas.at/manner-fussball-schuhe
200,http://www.adidas.at/manner-training
200,http://www.adidas.at/manner-tennis-schuhe
200,http://www.adidas.at/manner-golf-schuhe
200,http://www.adidas.at/manner-kleidung
200,http://www.adidas.at/manner-fussball-trikots
200,http://www.adidas.at/manner-hosen_und_tights
200,http://www.adidas.at/manner?prefn1=productType&prefv1=Hoodies%20%26%20Sweatjacken
