200,http://www.adidas.be
200,http://www.adidas.be/men
200,http://www.adidas.be/men-clothing
200,http://www.adidas.be/women
200,http://www.adidas.be/women-clothing
200,http://www.adidas.be/kids
200,http://www.adidas.be/kids-clothing
200,http://www.adidas.be/on/demandware.store/Sites-adidas-BE-Site/fr_BE/Search-Show?pmin=0&pmax=999&srule=newest-to-oldest
200,http://www.adidas.be/basketball
200,http://www.adidas.be/football-shoes
200,http://www.adidas.be/golf
200,http://www.adidas.be/golf-clothing
200,http://www.adidas.be/outdoor-shoes
200,http://www.adidas.be/rugby?grid=true
200,http://www.adidas.be/running-shoes
200,http://www.adidas.be/running-clothing
200,http://www.adidas.be/tennis
200,http://www.adidas.be/tennis-clothing
200,http://www.adidas.be/climaheat
200,http://www.adidas.be/training-clothing
200,http://www.adidas.be/originals
200,http://www.adidas.be/topshop
200,http://www.adidas.be/zx_flux
200,http://www.adidas.be/originals-accessories
200,http://www.adidas.be/women?prefn1=division&prefv1=Originals
404-soft,http://www.adidas.be/on/demandware.store/Sites-adidas-BE-Site/fr_BE/Search-Show?cgid=%27Originals&prefn1=division&prefv1=Originals
200,http://www.adidas.be/porsche_design_sport_by_adidas-shoes
200,http://www.adidas.be/porsche_design_sport_by_adidas-accessories
200,http://www.adidas.be/adidas_neo-shoes
200,http://www.adidas.be/adidas_neo-accessories
200,http://www.adidas.be/help-topics-adidas_products.html
200,http://www.adidas.be/help-topics-payment.html
200,http://www.adidas.be/help-topics-returning.html
200,http://www.adidas.be/promotions
200,http://www.adidas.be/help-topics-privacy_policy.html
200,http://www.adidas.be/help-topics-imprint.html
200,http://www.adidas.be/shop
200,http://www.adidas.be/women-shoes
200,http://www.adidas.be/kids-accessories
200,http://www.adidas.be/football-clothing
200,http://www.adidas.be/outdoor-clothing
200,http://www.adidas.be/swimming
200,http://www.adidas.be/training-shoes
200,http://www.adidas.be/originals-shoes
200,http://www.adidas.be/kids?prefn1=division&prefv1=Originals
200,http://www.adidas.be/adidas_neo
200,http://www.adidas.be/help-topics-ordering.html
200,http://www.adidas.be/help-topics-sitemap.html
200,http://www.adidas.be/men-shoes
200,http://www.adidas.be/on/demandware.store/Sites-adidas-BE-Site/fr_BE/Search-Show?pmin=0&pmax=999&prefn1=division&prefv1=Performance
200,http://www.adidas.be/running
200,http://www.adidas.be/training-accessories
200,http://www.adidas.be/porsche_design_sport_by_adidas
404-soft,http://www.adidas.be/help-topics-shipping.html
200,http://www.adidas.be/men-accessories
200,http://www.adidas.be/outdoor
200,http://www.adidas.be/originals-clothing
200,http://www.adidas.be/help-topics-using_our_site.html
200,http://www.adidas.be/football
200,http://www.adidas.be/men?prefn1=division&prefv1=Originals
200,http://www.adidas.be/women-accessories
200,http://www.adidas.be/porsche_design_sport_by_adidas-clothing
200,http://www.adidas.be/on/demandware.store/Sites-adidas-BE-Site/fr_BE/Page-Show?cid=boost
200,http://www.adidas.be/kids-shoes
200,http://www.adidas.be/golf-shoes
200,http://www.adidas.be/farm
200,http://www.adidas.be/tennis-shoes
200,http://www.adidas.be/on/demandware.store/Sites-adidas-BE-Site/fr_BE/CustomerService-Show
200,http://www.adidas.be/training
200,http://www.adidas.be/adidas_neo-clothing
200,http://www.adidas.be/help-topics-terms_and_conditions.html
